instance;Î²;Layout;transform;energy;probabilities;discarded_probability;statistic;max_states;bond_dim;de;max_sweeps;cl_states;iters_svd;iters_var;dtemp_mult;var_tol;time;cRAM;schmidts
001_sg.txt;0.5;GaugesEnergy;LatticeTransformation((2, 1, 4, 3), false);-560.4936476666371;-55.92649148192918;-6.379005874700326;0.0;128;8;16.0;0;16384;2;1;2;1.0e-16;1463.32181712;0.011;Dict{Any, Any}(5 => Any[1.0, 1.0, 1.0, 0.02273834877200375, 0.05649645805476491, 0.05225735796044134, 0.050654577918964, 0.03492489205317187, 0.0348748388143254, 0.036444349427223036, 0.019702443478459536, 1.0], 4 => Any[1.0, 1.0, 0.026836304101134325, 0.020957549239298077, 0.021289504510619613, 0.027848963962825924, 0.014989985755400777, 0.02731829571175487, 0.02898529041947208, 0.04159250062375499, 0.03972954371885646, 0.04656695524883415], 6 => Any[1.0, 1.0, 1.0, 1.0, 1.0, 0.02851948362713675, 0.0184927637118282, 0.020149951181041757, 0.025423761310087934, 1.0, 1.0, 1.0], 7 => Any[1.0, 1.0, 1.0, 1.0, 1.0, 1.0, 1.0, 1.0, 1.0, 1.0, 1.0, 1.0], 2 => Any[1.0, 1.0, 1.0, 1.0, 1.0, 0.009489449730054084, 0.026949487134451635, 0.025089246846806756, 0.003488810393409563, 1.0, 1.0, 1.0], 3 => Any[1.0, 1.0, 1.0, 0.005801574056482266, 0.030982892105283946, 0.0554532559902483, 0.046458389074845646, 0.049948169073539724, 0.033365097640339236, 0.02177673396154676, 0.0059265922739358545, 1.0])
001_sg.txt;0.5;GaugesEnergy;LatticeTransformation((2, 3, 4, 1), true);-559.1552707305067;-55.84004263352368;-6.59101816372044;0.0;128;8;16.0;0;16384;2;1;2;1.0e-16;1376.762349974;0.011;Dict{Any, Any}(5 => Any[1.0, 1.0, 1.0, 0.03930058860255285, 0.018818221797961228, 0.05121280096606502, 0.0332207239456237, 0.07044724382922674, 0.05369209052167473, 0.03182879180605994, 0.032291626301719466, 1.0], 4 => Any[1.0, 1.0, 0.02571493517025573, 0.029756795677430285, 0.04956457604076824, 0.041684849010621965, 0.05761101738542491, 0.058785544420310934, 0.07524317877798, 0.05309514197093862, 0.03037815428498539, 0.048564472409937075], 6 => Any[1.0, 1.0, 1.0, 1.0, 1.0, 0.03995214762860663, 0.03504066237055675, 0.02858203245568505, 0.026732936195532558, 1.0, 1.0, 1.0], 7 => Any[1.0, 1.0, 1.0, 1.0, 1.0, 1.0, 1.0, 1.0, 1.0, 1.0, 1.0, 1.0], 2 => Any[1.0, 1.0, 1.0, 1.0, 1.0, 0.005721069011210394, 0.0317377698049678, 0.014634428066067915, 0.003041290589064318, 1.0, 1.0, 1.0], 3 => Any[1.0, 1.0, 1.0, 0.005286834740468314, 0.02971679993446338, 0.03568216399263423, 0.046509220916589614, 0.04580300430319238, 0.03184182991652858, 0.04674595658799466, 0.006319444318280944, 1.0])
001_sg.txt;0.5;GaugesEnergy;LatticeTransformation((4, 3, 2, 1), false);-558.4027002162446;-56.44702375317909;-6.482565276830846;0.0;128;8;16.0;0;16384;2;1;2;1.0e-16;1464.880918075;0.011;Dict{Any, Any}(5 => Any[1.0, 1.0, 1.0, 0.03867057238255268, 0.041264368261901024, 0.043685671892842864, 0.055475203378757394, 0.0426694756247353, 0.04979301531915645, 0.05545798131893861, 0.05070425098386979, 1.0], 4 => Any[1.0, 1.0, 0.02227351480460483, 0.011590674053641089, 0.024255049447229886, 0.041351330991741014, 0.044789195180731385, 0.05648451531875113, 0.055809651534122956, 0.05738547417324098, 0.04009464867056904, 0.016702710627437337], 6 => Any[1.0, 1.0, 1.0, 1.0, 1.0, 0.027588195953423607, 0.030257523103160128, 0.03151449420768058, 0.035633560729280915, 1.0, 1.0, 1.0], 7 => Any[1.0, 1.0, 1.0, 1.0, 1.0, 1.0, 1.0, 1.0, 1.0, 1.0, 1.0, 1.0], 2 => Any[1.0, 1.0, 1.0, 1.0, 1.0, 0.0036831066423936554, 0.023815829582969735, 0.03564560711406884, 0.0077055425416501806, 1.0, 1.0, 1.0], 3 => Any[1.0, 1.0, 1.0, 0.007835321856899334, 0.04602031814738337, 0.05065643206208419, 0.03643075726483019, 0.036665339824404286, 0.014896190807577049, 0.0223242888106855, 0.0031423703241474973, 1.0])
001_sg.txt;0.5;GaugesEnergy;LatticeTransformation((3, 4, 1, 2), false);-558.3672059856616;-56.32952836117243;-6.380024658133471;0.0;128;8;16.0;0;16384;2;1;2;1.0e-16;1436.648880018;0.011;Dict{Any, Any}(5 => Any[1.0, 1.0, 1.0, 0.050745463361750336, 0.05548771838176744, 0.0498174923517332, 0.042747143791915375, 0.05505326061619074, 0.04134198920720208, 0.041640140726980586, 0.043203094110732386, 1.0], 4 => Any[1.0, 1.0, 0.016583050437850636, 0.03997065519166246, 0.05706392411392575, 0.05461716416228967, 0.05746482144133514, 0.046625124665898396, 0.04271874663002454, 0.024921694642604776, 0.012642642632139711, 0.022538951715166948], 6 => Any[1.0, 1.0, 1.0, 1.0, 1.0, 0.035540191448367356, 0.030867008350984427, 0.030542798831171766, 0.027632066296498163, 1.0, 1.0, 1.0], 7 => Any[1.0, 1.0, 1.0, 1.0, 1.0, 1.0, 1.0, 1.0, 1.0, 1.0, 1.0, 1.0], 2 => Any[1.0, 1.0, 1.0, 1.0, 1.0, 0.006141007753827826, 0.03550141209940012, 0.024002863947538974, 0.003230290426749229, 1.0, 1.0, 1.0], 3 => Any[1.0, 1.0, 1.0, 0.0031051374253363915, 0.015162179201009285, 0.0120306113492073, 0.03601540787753349, 0.03562992205346506, 0.05061408154079192, 0.04608651688330814, 0.007951808713389012, 1.0])
001_sg.txt;0.5;GaugesEnergy;LatticeTransformation((1, 2, 3, 4), false);-560.493647666637;-55.643809660387426;-6.504955640189791;0.0;128;8;16.0;0;16384;2;1;2;1.0e-16;1530.97825745;0.011;Dict{Any, Any}(5 => Any[1.0, 1.0, 1.0, 0.017016609186805066, 0.03478235920699755, 0.03530787014590223, 0.028241474931841714, 0.06007746419111106, 0.05203329753210101, 0.056311109259374374, 0.022589065192860174, 1.0], 4 => Any[1.0, 1.0, 0.04592036105165088, 0.04153716057931389, 0.042096738862762, 0.03013106380081384, 0.02675334423713659, 0.014313660946656441, 0.02115844636944364, 0.021295128877944876, 0.02101576729010283, 0.03116463625072084], 6 => Any[1.0, 1.0, 1.0, 1.0, 1.0, 0.02686314751659332, 0.01737841179054927, 0.01878784258591597, 0.044485596989079744, 1.0, 1.0, 1.0], 7 => Any[1.0, 1.0, 1.0, 1.0, 1.0, 1.0, 1.0, 1.0, 1.0, 1.0, 1.0, 1.0], 2 => Any[1.0, 1.0, 1.0, 1.0, 1.0, 0.0035949487630594075, 0.02460478340306968, 0.031236714222109923, 0.009464417095032847, 1.0, 1.0, 1.0], 3 => Any[1.0, 1.0, 1.0, 0.005407782415660481, 0.021647120718319843, 0.03519568792394993, 0.051428184489385964, 0.054468130668650756, 0.05433186009937544, 0.030595006317407816, 0.005779527987068177, 1.0])
001_sg.txt;0.5;GaugesEnergy;LatticeTransformation((4, 1, 2, 3), true);-557.6579117300643;-56.604651613468846;-6.31082761611249;0.0;128;8;16.0;0;16384;2;1;2;1.0e-16;1578.875148307;0.011;Dict{Any, Any}(5 => Any[1.0, 1.0, 1.0, 0.030078561332521667, 0.037250430264018, 0.02710798826930068, 0.040345606436973186, 0.028949570541113218, 0.016643404352889423, 0.03183560399310517, 0.052631175930407545, 1.0], 4 => Any[1.0, 1.0, 0.02752007144813892, 0.046003731205715374, 0.06382749658222929, 0.04035206444478955, 0.027817190965668336, 0.05801204556577554, 0.06343793673940948, 0.042939133961742655, 0.03513827413770524, 0.030144998748547477], 6 => Any[1.0, 1.0, 1.0, 1.0, 1.0, 0.02490053880924976, 0.042750946549271016, 0.026521414886078135, 0.030845324045527475, 1.0, 1.0, 1.0], 7 => Any[1.0, 1.0, 1.0, 1.0, 1.0, 1.0, 1.0, 1.0, 1.0, 1.0, 1.0, 1.0], 2 => Any[1.0, 1.0, 1.0, 1.0, 1.0, 0.002631651546297193, 0.015715929479439502, 0.01870858652174829, 0.0030122378959906207, 1.0, 1.0, 1.0], 3 => Any[1.0, 1.0, 1.0, 0.00548060093535666, 0.03766168790766503, 0.03976948029312625, 0.058114422085361606, 0.040788433184906665, 0.019674813267328548, 0.03683238952013792, 0.00307573047667549, 1.0])
002_sg.txt;0.5;GaugesEnergy;LatticeTransformation((4, 3, 2, 1), false);-557.6316639358712;-56.29728330097055;-6.508414607398031;0.0;128;8;16.0;0;16384;2;1;2;1.0e-16;1425.286182114;0.012;Dict{Any, Any}(5 => Any[1.0, 1.0, 1.0, 0.02958635239661858, 0.020459117509921, 0.02429936447471406, 0.036640906673993896, 0.05441655494242406, 0.051120077237887876, 0.029091165601256158, 0.024846360041983522, 1.0], 4 => Any[1.0, 1.0, 0.034092041284979765, 0.02000835647469527, 0.022966353190326118, 0.03565630400105153, 0.04753277131412176, 0.05854593316149909, 0.051063280924875075, 0.06491724564199385, 0.026824698398580663, 0.036543662443026224], 6 => Any[1.0, 1.0, 1.0, 1.0, 1.0, 0.03597551399015817, 0.039906151413933645, 0.03089291015835032, 0.039334435964530644, 1.0, 1.0, 1.0], 7 => Any[1.0, 1.0, 1.0, 1.0, 1.0, 1.0, 1.0, 1.0, 1.0, 1.0, 1.0, 1.0], 2 => Any[1.0, 1.0, 1.0, 1.0, 1.0, 0.004450871411019732, 0.03813929734864087, 0.02560589727038019, 0.004374978654500343, 1.0, 1.0, 1.0], 3 => Any[1.0, 1.0, 1.0, 0.011303216477257736, 0.04787634779688372, 0.04177528226922965, 0.037055068152158366, 0.054734772793610345, 0.051946734561064634, 0.04413163588836968, 0.011999842447897487, 1.0])
002_sg.txt;0.5;GaugesEnergy;LatticeTransformation((3, 4, 1, 2), false);-556.2696283192681;-56.77021235917214;-6.799079892845866;0.0;128;8;16.0;0;16384;2;1;2;1.0e-16;1314.49121352;0.012;Dict{Any, Any}(5 => Any[1.0, 1.0, 1.0, 0.02554489464932935, 0.02578298285499028, 0.05091861855665449, 0.05534846669408492, 0.03565964145179745, 0.026956254764738903, 0.020919841268462674, 0.03086182488995046, 1.0], 4 => Any[1.0, 1.0, 0.03721386565324022, 0.02620680929143338, 0.06361132991617235, 0.05195261301230353, 0.05678968615291227, 0.046166172236750014, 0.03597814414567964, 0.02088390927423241, 0.020929836122831096, 0.03508102012557257], 6 => Any[1.0, 1.0, 1.0, 1.0, 1.0, 0.03935589172261215, 0.03078547265243217, 0.04024381274789277, 0.05157480779415587, 1.0, 1.0, 1.0], 7 => Any[1.0, 1.0, 1.0, 1.0, 1.0, 1.0, 1.0, 1.0, 1.0, 1.0, 1.0, 1.0], 2 => Any[1.0, 1.0, 1.0, 1.0, 1.0, 0.0035998832238929, 0.024555614917969204, 0.03595264676778122, 0.0049448014508284895, 1.0, 1.0, 1.0], 3 => Any[1.0, 1.0, 1.0, 0.012871055902199913, 0.04533729945879956, 0.06632290222385723, 0.05506546279093985, 0.03905015475013584, 0.043539163988926884, 0.047963000832800216, 0.011658643933647742, 1.0])
002_sg.txt;0.5;GaugesEnergy;LatticeTransformation((4, 1, 2, 3), true);-558.4609435167428;-55.109907855778;-6.595290394136451;0.0;128;8;16.0;0;16384;2;1;2;1.0e-16;1466.06067862;0.012;Dict{Any, Any}(5 => Any[1.0, 1.0, 1.0, 0.019594142855143836, 0.023350104631822254, 0.0537908519813067, 0.06027845909006883, 0.06994375859903326, 0.04121504688888428, 0.04721511231457513, 0.047197901797966506, 1.0], 4 => Any[1.0, 1.0, 0.026810460887644414, 0.05126370438520915, 0.05168255563329738, 0.057204574909290394, 0.06791711327023897, 0.050972930613160376, 0.043148432218978794, 0.061628698539764826, 0.04278894106152155, 0.016701727010756607], 6 => Any[1.0, 1.0, 1.0, 1.0, 1.0, 0.039877644885773965, 0.0202908998873066, 0.025292727344138233, 0.0466710164237014, 1.0, 1.0, 1.0], 7 => Any[1.0, 1.0, 1.0, 1.0, 1.0, 1.0, 1.0, 1.0, 1.0, 1.0, 1.0, 1.0], 2 => Any[1.0, 1.0, 1.0, 1.0, 1.0, 0.004181758509481349, 0.04198125923055731, 0.0362127732132355, 0.003966432481034892, 1.0, 1.0, 1.0], 3 => Any[1.0, 1.0, 1.0, 0.006766178342352811, 0.04466144350224442, 0.04604558061162229, 0.040508098065699945, 0.04568964596908088, 0.031584196655832536, 0.017492766179175234, 0.012369896953789176, 1.0])
002_sg.txt;0.5;GaugesEnergy;LatticeTransformation((2, 3, 4, 1), true);-559.5364710343107;-54.42313618947253;-6.7230254630776844;0.0;128;8;16.0;0;16384;2;1;2;1.0e-16;1411.043367773;0.012;Dict{Any, Any}(5 => Any[1.0, 1.0, 1.0, 0.0365641887271596, 0.018137119449800548, 0.024793969166217244, 0.02515881953053919, 0.053158868485982974, 0.045782557568863194, 0.04626246722675588, 0.021218601126976593, 1.0], 4 => Any[1.0, 1.0, 0.04378857430177254, 0.047552651396502686, 0.042626526212800255, 0.08660857330751374, 0.04051317397074834, 0.03742445375727066, 0.042071065529194145, 0.0689534339332495, 0.052759162687904475, 0.03862513522152788], 6 => Any[1.0, 1.0, 1.0, 1.0, 1.0, 0.03432267796035443, 0.034040249777542504, 0.02650525392621796, 0.02487836645586863, 1.0, 1.0, 1.0], 7 => Any[1.0, 1.0, 1.0, 1.0, 1.0, 1.0, 1.0, 1.0, 1.0, 1.0, 1.0, 1.0], 2 => Any[1.0, 1.0, 1.0, 1.0, 1.0, 0.0013810545035775048, 0.012465606672044717, 0.024005259505333346, 0.005123584031833062, 1.0, 1.0, 1.0], 3 => Any[1.0, 1.0, 1.0, 0.005287777267373921, 0.04787131993827444, 0.03374231349634509, 0.06581657314167738, 0.06155855505773905, 0.054856085827885245, 0.042697888880836844, 0.006238665749745725, 1.0])
002_sg.txt;0.5;GaugesEnergy;LatticeTransformation((1, 2, 3, 4), false);-560.2601166004771;-54.79842639174441;-6.359304304484436;0.0;128;8;16.0;0;16384;2;1;2;1.0e-16;1383.486482365;0.012;Dict{Any, Any}(5 => Any[1.0, 1.0, 1.0, 0.019747915876944678, 0.026515198391025962, 0.04543191869389374, 0.04946863977258721, 0.06116437275703819, 0.05931795545346886, 0.03969007967608321, 0.042355347221220266, 1.0], 4 => Any[1.0, 1.0, 0.03642253149740815, 0.038076844542777516, 0.07461649197872912, 0.040506401197774156, 0.05750067962115732, 0.05533742157908969, 0.03894489064002083, 0.03162811030296762, 0.017606491463535715, 0.021579482252242987], 6 => Any[1.0, 1.0, 1.0, 1.0, 1.0, 0.04404474851014934, 0.05114929676587748, 0.032892937095333315, 0.023502928010468545, 1.0, 1.0, 1.0], 7 => Any[1.0, 1.0, 1.0, 1.0, 1.0, 1.0, 1.0, 1.0, 1.0, 1.0, 1.0, 1.0], 2 => Any[1.0, 1.0, 1.0, 1.0, 1.0, 0.009482239632002468, 0.039862271125711106, 0.02769008880220574, 0.009928161144954916, 1.0, 1.0, 1.0], 3 => Any[1.0, 1.0, 1.0, 0.0052543466836494695, 0.010843709528845285, 0.01931179368269736, 0.0596687536607818, 0.06703786130202505, 0.05400696033668747, 0.031537346498474554, 0.005993521921583668, 1.0])
003_sg.txt;0.5;GaugesEnergy;LatticeTransformation((1, 2, 3, 4), false);-566.5366675982702;-53.54519918121919;-6.404302519813902;0.0;128;8;16.0;0;16384;2;1;2;1.0e-16;1442.359152923;0.012;Dict{Any, Any}(5 => Any[1.0, 1.0, 1.0, 0.04018884749144055, 0.0496482682762843, 0.024802614578453966, 0.01816496828041885, 0.04049553155968337, 0.04744659246070527, 0.05899832226408422, 0.05335323254369828, 1.0], 4 => Any[1.0, 1.0, 0.019758795234578398, 0.067059266798734, 0.06295459738811214, 0.0516244615964741, 0.0734249516250972, 0.07113784952552007, 0.042137603832316003, 0.043854693889420454, 0.034469762616533284, 0.0182023045393233], 6 => Any[1.0, 1.0, 1.0, 1.0, 1.0, 0.04561172938294488, 0.011334030587992538, 0.01732839806537196, 0.024945716113841523, 1.0, 1.0, 1.0], 7 => Any[1.0, 1.0, 1.0, 1.0, 1.0, 1.0, 1.0, 1.0, 1.0, 1.0, 1.0, 1.0], 2 => Any[1.0, 1.0, 1.0, 1.0, 1.0, 0.003868009990077406, 0.02108640702038447, 0.028641901383602886, 0.003443291382325894, 1.0, 1.0, 1.0], 3 => Any[1.0, 1.0, 1.0, 0.005290329224118568, 0.028812857486228294, 0.029688923819284917, 0.029888072798374514, 0.06020440331631741, 0.04574030431815767, 0.02695191039100591, 0.003582166587000668, 1.0])
003_sg.txt;0.5;GaugesEnergy;LatticeTransformation((4, 3, 2, 1), false);-566.8910140578104;-53.23516281324758;-6.810109604369835;0.0;128;8;16.0;0;16384;2;1;2;1.0e-16;1425.863796468;0.012;Dict{Any, Any}(5 => Any[1.0, 1.0, 1.0, 0.03399423180719314, 0.033454716733731904, 0.08119465142982028, 0.03702442180377176, 0.03596669449310691, 0.037842368387781225, 0.04333885808390655, 0.03534275139540022, 1.0], 4 => Any[1.0, 1.0, 0.029963994253179336, 0.043613735300436066, 0.04702905114461584, 0.029007981359863665, 0.03808315767759249, 0.07280699437469403, 0.07155589780924639, 0.03599509149129719, 0.026195339596796572, 0.03024244446210729], 6 => Any[1.0, 1.0, 1.0, 1.0, 1.0, 0.037187345424820224, 0.042086757824577624, 0.03489074771514711, 0.02025842265251525, 1.0, 1.0, 1.0], 7 => Any[1.0, 1.0, 1.0, 1.0, 1.0, 1.0, 1.0, 1.0, 1.0, 1.0, 1.0, 1.0], 2 => Any[1.0, 1.0, 1.0, 1.0, 1.0, 0.012141470863695932, 0.03813791416166552, 0.034653469359490804, 0.0038713316786679183, 1.0, 1.0, 1.0], 3 => Any[1.0, 1.0, 1.0, 0.0030732440651998864, 0.026593229653629674, 0.05459923680065027, 0.04771314019758087, 0.03704064263051686, 0.031662888470555976, 0.02285628539136405, 0.005849443372474905, 1.0])
003_sg.txt;0.5;GaugesEnergy;LatticeTransformation((2, 3, 4, 1), true);-561.8433882145524;-55.12978817121808;-6.401538769727113;0.0;128;8;16.0;0;16384;2;1;2;1.0e-16;1481.803841719;0.012;Dict{Any, Any}(5 => Any[1.0, 1.0, 1.0, 0.03566552819873233, 0.027532165639926064, 0.05182313564124418, 0.03423941221501309, 0.06739471303030238, 0.029465651888519163, 0.027382465584893337, 0.04450773429064515, 1.0], 4 => Any[1.0, 1.0, 0.024863742743343093, 0.04087597654743709, 0.03299639380483889, 0.046215710727196165, 0.05793350597878838, 0.08575938485197722, 0.03337668112283393, 0.02152855545707031, 0.03734096546938478, 0.009970387277778029], 6 => Any[1.0, 1.0, 1.0, 1.0, 1.0, 0.04766559472807547, 0.042561000164390676, 0.02462752066694862, 0.03230590615895, 1.0, 1.0, 1.0], 7 => Any[1.0, 1.0, 1.0, 1.0, 1.0, 1.0, 1.0, 1.0, 1.0, 1.0, 1.0, 1.0], 2 => Any[1.0, 1.0, 1.0, 1.0, 1.0, 0.006937198540210914, 0.02351563972944512, 0.03585378849872512, 0.007406196320592061, 1.0, 1.0, 1.0], 3 => Any[1.0, 1.0, 1.0, 0.002530210157318683, 0.022136937977126386, 0.028161937153856235, 0.05708047904260961, 0.0406721619391607, 0.05181727004011531, 0.04602476088155753, 0.0013385373687545138, 1.0])
003_sg.txt;0.5;GaugesEnergy;LatticeTransformation((4, 1, 2, 3), true);-567.22525932776;-52.98547896855942;-6.417472286011352;0.0;128;8;16.0;0;16384;2;1;2;1.0e-16;1460.971644166;0.012;Dict{Any, Any}(5 => Any[1.0, 1.0, 1.0, 0.025548771899865003, 0.05310583988509568, 0.04457435695400393, 0.03841657355674238, 0.05205794844637425, 0.048167345165142025, 0.05326764370822417, 0.02422037475127779, 1.0], 4 => Any[1.0, 1.0, 0.026408932370961567, 0.03660215505483894, 0.027490149084874366, 0.04486292981635999, 0.05926811686211658, 0.06880205098023631, 0.05269301646984592, 0.024177015920831272, 0.030140552550999143, 0.016815743786145997], 6 => Any[1.0, 1.0, 1.0, 1.0, 1.0, 0.031732985029593284, 0.010770756249971977, 0.03497511469448425, 0.01827203103873806, 1.0, 1.0, 1.0], 7 => Any[1.0, 1.0, 1.0, 1.0, 1.0, 1.0, 1.0, 1.0, 1.0, 1.0, 1.0, 1.0], 2 => Any[1.0, 1.0, 1.0, 1.0, 1.0, 0.011001266416988247, 0.03447819662664287, 0.04459281949281583, 0.007199031393487272, 1.0, 1.0, 1.0], 3 => Any[1.0, 1.0, 1.0, 0.004820671416757501, 0.0254402741754736, 0.05438078582185222, 0.08561777599530455, 0.04565594168338002, 0.04402366752192076, 0.05353530351066898, 0.003578703191626556, 1.0])
003_sg.txt;0.5;GaugesEnergy;LatticeTransformation((3, 4, 1, 2), false);-566.8910140578104;-53.20612469405246;-6.659267567636903;0.0;128;8;16.0;0;16384;2;1;2;1.0e-16;1289.487020247;0.012;Dict{Any, Any}(5 => Any[1.0, 1.0, 1.0, 0.03522144816367148, 0.04346666033750079, 0.03763580818761015, 0.03599719261534478, 0.040081706122532486, 0.0817641333687414, 0.034360883720616374, 0.03998572770299296, 1.0], 4 => Any[1.0, 1.0, 0.030172637112296202, 0.026199793768072112, 0.03380389183075476, 0.07166321885647506, 0.07355003400067917, 0.03853210952261569, 0.029973170795737143, 0.056539790722912896, 0.0433760707763947, 0.033427139535301756], 6 => Any[1.0, 1.0, 1.0, 1.0, 1.0, 0.023411926272805778, 0.034851663930537416, 0.04210658111781551, 0.03718986317786784, 1.0, 1.0, 1.0], 7 => Any[1.0, 1.0, 1.0, 1.0, 1.0, 1.0, 1.0, 1.0, 1.0, 1.0, 1.0, 1.0], 2 => Any[1.0, 1.0, 1.0, 1.0, 1.0, 0.00378708836987958, 0.03488740972674059, 0.03827361928517881, 0.012266208347491371, 1.0, 1.0, 1.0], 3 => Any[1.0, 1.0, 1.0, 0.0050040714927726965, 0.020455249156048072, 0.031639623629470016, 0.03715176317840316, 0.04923580613013908, 0.05284749949548466, 0.026688623499633902, 0.0035362122260866324, 1.0])
004_sg.txt;0.5;GaugesEnergy;LatticeTransformation((2, 3, 4, 1), true);-554.9010636712476;-56.736354615853195;-6.443844085447704;0.0;128;8;16.0;0;16384;2;1;2;1.0e-16;1408.388001611;0.011;Dict{Any, Any}(5 => Any[1.0, 1.0, 1.0, 0.029027382574649617, 0.014369388845224684, 0.021671770045573014, 0.0460962154750877, 0.028619936494346816, 0.020753472152729716, 0.010397002947136738, 0.015732074646985166, 1.0], 4 => Any[1.0, 1.0, 0.025969880257910964, 0.035511253457956735, 0.02517584298518192, 0.046157029091504015, 0.057556919185377864, 0.06346552124410859, 0.040482142446355236, 0.06691878783790466, 0.06790366851554304, 0.013253861710231312], 6 => Any[1.0, 1.0, 1.0, 1.0, 1.0, 0.04664784629438727, 0.03996192505401648, 0.027614452635006514, 0.0369286614388609, 1.0, 1.0, 1.0], 7 => Any[1.0, 1.0, 1.0, 1.0, 1.0, 1.0, 1.0, 1.0, 1.0, 1.0, 1.0, 1.0], 2 => Any[1.0, 1.0, 1.0, 1.0, 1.0, 0.003301204773294437, 0.03412806317686176, 0.04151545518648575, 0.0028411409034820308, 1.0, 1.0, 1.0], 3 => Any[1.0, 1.0, 1.0, 0.0022061528477955905, 0.022284896420955203, 0.026010385568321585, 0.0684722371332006, 0.06335610051888833, 0.024144572258647568, 0.022187601558958204, 0.0017444494667204092, 1.0])
004_sg.txt;0.5;GaugesEnergy;LatticeTransformation((3, 4, 1, 2), false);-553.0122003254804;-57.78469289983654;-6.482219782406387;0.0;128;8;16.0;0;16384;2;1;2;1.0e-16;1358.728897756;0.011;Dict{Any, Any}(5 => Any[1.0, 1.0, 1.0, 0.021115443591425788, 0.035319522485898876, 0.056897707893808006, 0.03783709346964553, 0.03214066123855723, 0.01333037939659246, 0.010783132922285091, 0.03702993279213922, 1.0], 4 => Any[1.0, 1.0, 0.025029055408636706, 0.06038749678101457, 0.04161850932317394, 0.05011936071593821, 0.05872800195843831, 0.054279897906777966, 0.029137587569185, 0.0577092633311428, 0.030620252099218016, 0.041066565145859685], 6 => Any[1.0, 1.0, 1.0, 1.0, 1.0, 0.013575041208412372, 0.013125387430264713, 0.020139790777509107, 0.02850239236132829, 1.0, 1.0, 1.0], 7 => Any[1.0, 1.0, 1.0, 1.0, 1.0, 1.0, 1.0, 1.0, 1.0, 1.0, 1.0, 1.0], 2 => Any[1.0, 1.0, 1.0, 1.0, 1.0, 0.0020519293530709567, 0.048942805869275775, 0.04020502147520153, 0.006327512643784619, 1.0, 1.0, 1.0], 3 => Any[1.0, 1.0, 1.0, 0.0019768535996778185, 0.023322044661365542, 0.026797419290563007, 0.04753768707390912, 0.051037336177093634, 0.031120929787535914, 0.029705068985836337, 0.00901654122931806, 1.0])
004_sg.txt;0.5;GaugesEnergy;LatticeTransformation((1, 2, 3, 4), false);-556.0568655330608;-55.19178285592666;-6.59456605124191;0.0;128;8;16.0;0;16384;2;1;2;1.0e-16;1356.719916627;0.011;Dict{Any, Any}(5 => Any[1.0, 1.0, 1.0, 0.02685386595191686, 0.02738647501408938, 0.05783201381213736, 0.08334757123936921, 0.060905131627490464, 0.0209103470835464, 0.01578468166867678, 0.01645697591059061, 1.0], 4 => Any[1.0, 1.0, 0.019573833494988563, 0.046310094006119816, 0.07087257241315967, 0.045325160065699296, 0.051423554009984766, 0.04875657752173117, 0.058898217420956196, 0.04984004326072767, 0.03823778996794208, 0.023789719704184555], 6 => Any[1.0, 1.0, 1.0, 1.0, 1.0, 0.025015253452104064, 0.036283111243336844, 0.029997867452378885, 0.014459694641800858, 1.0, 1.0, 1.0], 7 => Any[1.0, 1.0, 1.0, 1.0, 1.0, 1.0, 1.0, 1.0, 1.0, 1.0, 1.0, 1.0], 2 => Any[1.0, 1.0, 1.0, 1.0, 1.0, 0.007523125698525293, 0.024974224327519154, 0.015541588970356492, 0.003025962655820799, 1.0, 1.0, 1.0], 3 => Any[1.0, 1.0, 1.0, 0.0064890095944471655, 0.022760535127893475, 0.018267438797168044, 0.03706217985042986, 0.015136846290986973, 0.0066877244573967974, 0.00960443302925253, 0.0016846329060118377, 1.0])
004_sg.txt;0.5;GaugesEnergy;LatticeTransformation((4, 3, 2, 1), false);-553.2742385257916;-57.246575562274685;-6.7770975377626534;0.0;128;8;16.0;0;16384;2;1;2;1.0e-16;1453.273426389;0.011;Dict{Any, Any}(5 => Any[1.0, 1.0, 1.0, 0.03206239452251531, 0.010626422193806597, 0.013324860544818119, 0.032110558676917776, 0.03790551992257363, 0.056859835450380106, 0.04062554232198265, 0.023499906118104163, 1.0], 4 => Any[1.0, 1.0, 0.04016222708518091, 0.030102730287650446, 0.05591445185115048, 0.029236907517925077, 0.05493147011886032, 0.05921143089956158, 0.05035470589451006, 0.04770777322467765, 0.060694760241507606, 0.02848910244544978], 6 => Any[1.0, 1.0, 1.0, 1.0, 1.0, 0.02848110474060645, 0.02012701939346786, 0.01037768639458263, 0.014073091151208509, 1.0, 1.0, 1.0], 7 => Any[1.0, 1.0, 1.0, 1.0, 1.0, 1.0, 1.0, 1.0, 1.0, 1.0, 1.0, 1.0], 2 => Any[1.0, 1.0, 1.0, 1.0, 1.0, 0.006643955929789087, 0.047793912566063745, 0.0489518814891609, 0.0020876223308497048, 1.0, 1.0, 1.0], 3 => Any[1.0, 1.0, 1.0, 0.009018458169790366, 0.02913498957079723, 0.030766717940956548, 0.053472616057140786, 0.0481353745255783, 0.0283337439022265, 0.024142115802874814, 0.0021683309461641154, 1.0])
004_sg.txt;0.5;GaugesEnergy;LatticeTransformation((4, 1, 2, 3), true);-557.0335579376922;-55.78486763880174;-6.476087103016674;0.0;128;8;16.0;0;16384;2;1;2;1.0e-16;1454.962940454;0.011;Dict{Any, Any}(5 => Any[1.0, 1.0, 1.0, 0.011919412200317673, 0.028538335820010002, 0.048218699624558846, 0.0614554215155306, 0.03484517728006105, 0.03772471249890365, 0.014585381800838291, 0.029765941591383318, 1.0], 4 => Any[1.0, 1.0, 0.02775855439993188, 0.06390057173629181, 0.08938298940550483, 0.05487753966954414, 0.08281916405764617, 0.03950520063200893, 0.03328624490910174, 0.01356333375657696, 0.009351291695353724, 0.0022873609465431416], 6 => Any[1.0, 1.0, 1.0, 1.0, 1.0, 0.028291797039758614, 0.043732287185795034, 0.021256443199183243, 0.018571723616792605, 1.0, 1.0, 1.0], 7 => Any[1.0, 1.0, 1.0, 1.0, 1.0, 1.0, 1.0, 1.0, 1.0, 1.0, 1.0, 1.0], 2 => Any[1.0, 1.0, 1.0, 1.0, 1.0, 0.004306285083738966, 0.035515936199833065, 0.026008824046116694, 0.007692529867963305, 1.0, 1.0, 1.0], 3 => Any[1.0, 1.0, 1.0, 0.004421368916444246, 0.05038553988030331, 0.031175290292842016, 0.04011551824310227, 0.05045495261549469, 0.02496244927701586, 0.009596047992408142, 0.005018199131857801, 1.0])
005_sg.txt;0.5;GaugesEnergy;LatticeTransformation((4, 1, 2, 3), true);-567.6531540310567;-56.48635277129254;-6.498967928399519;0.0;128;8;16.0;0;16384;2;1;2;1.0e-16;1416.855387385;0.012;Dict{Any, Any}(5 => Any[1.0, 1.0, 1.0, 0.043725464803660914, 0.024668920497692568, 0.016046139452328172, 0.01092267504508289, 0.012675969186429353, 0.036310296882983026, 0.031883241916463204, 0.02727333693750944, 1.0], 4 => Any[1.0, 1.0, 0.022543187318998164, 0.026245438876699265, 0.032780508252991926, 0.054664833244889764, 0.09516963669250247, 0.06711037300829802, 0.041953116956513735, 0.03770890094955415, 0.030437792413983377, 0.012756400851831426], 6 => Any[1.0, 1.0, 1.0, 1.0, 1.0, 0.023203539627269253, 0.029375439897184736, 0.032510164751568336, 0.01890378594759466, 1.0, 1.0, 1.0], 7 => Any[1.0, 1.0, 1.0, 1.0, 1.0, 1.0, 1.0, 1.0, 1.0, 1.0, 1.0, 1.0], 2 => Any[1.0, 1.0, 1.0, 1.0, 1.0, 0.001317261338994361, 0.01852654609926034, 0.0272045906732053, 0.004215829574657587, 1.0, 1.0, 1.0], 3 => Any[1.0, 1.0, 1.0, 0.005702173180292394, 0.055121178831876866, 0.037741030672092155, 0.09836418437978346, 0.0694099266470871, 0.04231438447576247, 0.02977425806965773, 0.003803619362388826, 1.0])
005_sg.txt;0.5;GaugesEnergy;LatticeTransformation((4, 3, 2, 1), false);-569.0934777905454;-55.89828942060666;-6.72688106610514;0.0;128;8;16.0;0;16384;2;1;2;1.0e-16;1430.852754207;0.012;Dict{Any, Any}(5 => Any[1.0, 1.0, 1.0, 0.02590587892990624, 0.02176948790337173, 0.05763078854905786, 0.0540702144366684, 0.048942299774926395, 0.04728988496606774, 0.022132229700160704, 0.025972875648299903, 1.0], 4 => Any[1.0, 1.0, 0.023135215071503287, 0.04653032577351098, 0.05478911722646745, 0.06670643202380203, 0.07404054231842155, 0.06983530136311841, 0.02634072710197689, 0.011904347380304376, 0.018852453775333188, 0.02271854064967373], 6 => Any[1.0, 1.0, 1.0, 1.0, 1.0, 0.035209113644998, 0.03802352169254652, 0.012303620072392234, 0.01255793373796388, 1.0, 1.0, 1.0], 7 => Any[1.0, 1.0, 1.0, 1.0, 1.0, 1.0, 1.0, 1.0, 1.0, 1.0, 1.0, 1.0], 2 => Any[1.0, 1.0, 1.0, 1.0, 1.0, 0.008771717662657252, 0.012910710780391665, 0.026742282199536022, 0.00602432818068141, 1.0, 1.0, 1.0], 3 => Any[1.0, 1.0, 1.0, 0.003684066622781224, 0.020499912081750532, 0.04420172687947456, 0.05010554270200175, 0.057985747613734866, 0.020940717142172702, 0.0067826726999470665, 0.0019079297344143668, 1.0])
005_sg.txt;0.5;GaugesEnergy;LatticeTransformation((2, 3, 4, 1), true);-570.6040561843556;-54.32711706194919;-6.242530827416412;0.0;128;8;16.0;0;16384;2;1;2;1.0e-16;1377.489937842;0.012;Dict{Any, Any}(5 => Any[1.0, 1.0, 1.0, 0.02435622797247805, 0.033736934525216054, 0.05564307257470726, 0.06507380622052633, 0.04957430937736162, 0.029464615620429176, 0.036719030192813897, 0.06104584245917047, 1.0], 4 => Any[1.0, 1.0, 0.04829218770060344, 0.026335156821780756, 0.03756312459965867, 0.04519382461190404, 0.0500610280659371, 0.08692170719979037, 0.054753263886693354, 0.06316343231304769, 0.020957951015072047, 0.014368707904056359], 6 => Any[1.0, 1.0, 1.0, 1.0, 1.0, 0.035022097503750516, 0.024855465596848245, 0.05174501086838645, 0.03770119596768741, 1.0, 1.0, 1.0], 7 => Any[1.0, 1.0, 1.0, 1.0, 1.0, 1.0, 1.0, 1.0, 1.0, 1.0, 1.0, 1.0], 2 => Any[1.0, 1.0, 1.0, 1.0, 1.0, 0.0030215578755956947, 0.014196862168356658, 0.017648346627899575, 0.004600395170115482, 1.0, 1.0, 1.0], 3 => Any[1.0, 1.0, 1.0, 0.0033587828346631453, 0.020715290969976097, 0.01685031054007233, 0.024133140969776274, 0.02887883472882295, 0.019114394052459276, 0.013473199817337246, 0.0017881386689682064, 1.0])
005_sg.txt;0.5;GaugesEnergy;LatticeTransformation((3, 4, 1, 2), false);-566.7148512031347;-56.90940279764409;-6.46235270265275;0.0;128;8;16.0;0;16384;2;1;2;1.0e-16;1358.616802739;0.012;Dict{Any, Any}(5 => Any[1.0, 1.0, 1.0, 0.026000446474595477, 0.021805937093204563, 0.04678775951234667, 0.04863920362362047, 0.0545980111971866, 0.05662849176356252, 0.02211755899828117, 0.023860201409166795, 1.0], 4 => Any[1.0, 1.0, 0.02287698318953319, 0.018934815481472227, 0.011860340731908323, 0.027397542635430792, 0.06944495712863902, 0.07399297871435105, 0.06795455475677933, 0.06004757553431976, 0.04582086101982201, 0.023262375701271584], 6 => Any[1.0, 1.0, 1.0, 1.0, 1.0, 0.012374181487425336, 0.011173837143776361, 0.037439668590793236, 0.02650031136152535, 1.0, 1.0, 1.0], 7 => Any[1.0, 1.0, 1.0, 1.0, 1.0, 1.0, 1.0, 1.0, 1.0, 1.0, 1.0, 1.0], 2 => Any[1.0, 1.0, 1.0, 1.0, 1.0, 0.006062734328700529, 0.026587451690356225, 0.015122760826060955, 0.008885993362126927, 1.0, 1.0, 1.0], 3 => Any[1.0, 1.0, 1.0, 0.0014732387173197988, 0.006746860366334146, 0.02081459692302794, 0.052040908429800324, 0.049123680794501905, 0.04391193304899428, 0.02028554507491862, 0.0037566630492481155, 1.0])
005_sg.txt;0.5;GaugesEnergy;LatticeTransformation((1, 2, 3, 4), false);-568.1708663971832;-55.71991605904948;-6.3436999229852145;0.0;128;8;16.0;0;16384;2;1;2;1.0e-16;1409.213713378;0.012;Dict{Any, Any}(5 => Any[1.0, 1.0, 1.0, 0.010541075817905256, 0.016836234840332014, 0.03012652919794415, 0.057594700845586, 0.058166185457820985, 0.03501801580475912, 0.041273957173970206, 0.048291817529191115, 1.0], 4 => Any[1.0, 1.0, 0.04202870257077284, 0.02561392392495481, 0.0475385925574602, 0.09663024473137415, 0.09705712843041828, 0.059816854851167126, 0.041920676908151586, 0.0321407180689557, 0.031686199637047927, 0.04734831151765986], 6 => Any[1.0, 1.0, 1.0, 1.0, 1.0, 0.02120612468073739, 0.01814377421491034, 0.02834055997981327, 0.03422166841445665, 1.0, 1.0, 1.0], 7 => Any[1.0, 1.0, 1.0, 1.0, 1.0, 1.0, 1.0, 1.0, 1.0, 1.0, 1.0, 1.0], 2 => Any[1.0, 1.0, 1.0, 1.0, 1.0, 0.006079688763689562, 0.013989740111376972, 0.026334155789982275, 0.005594491045359322, 1.0, 1.0, 1.0], 3 => Any[1.0, 1.0, 1.0, 0.0105424970070905, 0.061190214660716405, 0.03597340777174958, 0.0648514865745052, 0.03530872980344548, 0.017641023391379136, 0.011574972593195272, 0.002238443447643974, 1.0])
006_sg.txt;0.5;GaugesEnergy;LatticeTransformation((4, 1, 2, 3), true);-560.0879934898019;-54.983642615718836;-6.622460763361452;0.0;128;8;16.0;0;16384;2;1;2;1.0e-16;1405.276365009;0.011;Dict{Any, Any}(5 => Any[1.0, 1.0, 1.0, 0.043690646362198056, 0.026146343653820108, 0.052016217470467065, 0.024484876346747706, 0.048529674503983225, 0.04770561801525038, 0.031933362325959724, 0.024553754711652102, 1.0], 4 => Any[1.0, 1.0, 0.041684096820342964, 0.03385293366385874, 0.021857259196809118, 0.030151685531426397, 0.040756779502618724, 0.055621105709290006, 0.04256470917862778, 0.0436131151097778, 0.04379791798932423, 0.05501638594307681], 6 => Any[1.0, 1.0, 1.0, 1.0, 1.0, 0.036708010356635644, 0.03572736744252469, 0.05873895180929112, 0.03915235651482049, 1.0, 1.0, 1.0], 7 => Any[1.0, 1.0, 1.0, 1.0, 1.0, 1.0, 1.0, 1.0, 1.0, 1.0, 1.0, 1.0], 2 => Any[1.0, 1.0, 1.0, 1.0, 1.0, 0.008859958471816311, 0.026216961437760044, 0.022529849383548937, 0.0017059062164183603, 1.0, 1.0, 1.0], 3 => Any[1.0, 1.0, 1.0, 0.011064141665826309, 0.06279029201652239, 0.036293148152291836, 0.038833933013856695, 0.01506027818525284, 0.01039779098998563, 0.0139379252532924, 0.00827459093223595, 1.0])
006_sg.txt;0.5;GaugesEnergy;LatticeTransformation((1, 2, 3, 4), false);-552.7223318210732;-58.11037830255589;-6.351705528528987;0.0;128;8;16.0;0;16384;2;1;2;1.0e-16;1368.698062817;0.011;Dict{Any, Any}(5 => Any[1.0, 1.0, 1.0, 0.0402682732036802, 0.03162348242199033, 0.058131379623419625, 0.049773957921096824, 0.029869768745318697, 0.04397246672775552, 0.03335777351069489, 0.025103794580412175, 1.0], 4 => Any[1.0, 1.0, 0.02022297908456286, 0.0359213711414294, 0.06723245391213727, 0.058397867048686256, 0.0494929240175841, 0.037149527669680195, 0.029751085862228535, 0.03361503557936898, 0.014900210412507074, 0.024800556644583794], 6 => Any[1.0, 1.0, 1.0, 1.0, 1.0, 0.03263089784140359, 0.03759218612122446, 0.027616215301996715, 0.0431459768095332, 1.0, 1.0, 1.0], 7 => Any[1.0, 1.0, 1.0, 1.0, 1.0, 1.0, 1.0, 1.0, 1.0, 1.0, 1.0, 1.0], 2 => Any[1.0, 1.0, 1.0, 1.0, 1.0, 0.007295405074442043, 0.042393640964137724, 0.03634960995961684, 0.0077815741924405855, 1.0, 1.0, 1.0], 3 => Any[1.0, 1.0, 1.0, 0.0024545648828805965, 0.01861674228037828, 0.018481415325259237, 0.014970751315380289, 0.04056868332916667, 0.04361131490493158, 0.04301888297408602, 0.0063685182817187595, 1.0])
006_sg.txt;0.5;GaugesEnergy;LatticeTransformation((2, 3, 4, 1), true);-554.6369900241519;-57.059572171907654;-6.465697815737849;0.0;128;8;16.0;0;16384;2;1;2;1.0e-16;1335.53051626;0.011;Dict{Any, Any}(5 => Any[1.0, 1.0, 1.0, 0.03787229856176422, 0.028255749149124303, 0.03471081002797075, 0.030847648282945436, 0.03803679263837733, 0.03075209796297156, 0.026424552226578774, 0.03770866003214331, 1.0], 4 => Any[1.0, 1.0, 0.03268241067991777, 0.03633685903698529, 0.027759770248592427, 0.011268388528309609, 0.010452899448083182, 0.029456723485200238, 0.024643979297158967, 0.030615458524003363, 0.035842843772873376, 0.028763330680872078], 6 => Any[1.0, 1.0, 1.0, 1.0, 1.0, 0.01903614188814518, 0.02123425957446785, 0.020266671755144853, 0.048703241022591645, 1.0, 1.0, 1.0], 7 => Any[1.0, 1.0, 1.0, 1.0, 1.0, 1.0, 1.0, 1.0, 1.0, 1.0, 1.0, 1.0], 2 => Any[1.0, 1.0, 1.0, 1.0, 1.0, 0.010966100206486471, 0.03877533645479002, 0.016370510724615116, 0.0050089123179963705, 1.0, 1.0, 1.0], 3 => Any[1.0, 1.0, 1.0, 0.004379184282183106, 0.03558952171204486, 0.04396373576218905, 0.06486140115056101, 0.05067365629755037, 0.03086146171853135, 0.06417593211720421, 0.004901029569318352, 1.0])
006_sg.txt;0.5;GaugesEnergy;LatticeTransformation((3, 4, 1, 2), false);-560.0879934898018;-54.823779071399755;-6.410684556066197;0.0;128;8;16.0;0;16384;2;1;2;1.0e-16;1358.457616739;0.011;Dict{Any, Any}(5 => Any[1.0, 1.0, 1.0, 0.032738630491171664, 0.034851426559003494, 0.046745311743355604, 0.03980144030457299, 0.032419161385606944, 0.021874056023325834, 0.022275928998290794, 0.021907230593812957, 1.0], 4 => Any[1.0, 1.0, 0.020102739622701093, 0.03005523897368831, 0.05937146727547423, 0.059564828915931185, 0.04692766568297098, 0.008290211153941638, 0.004372659660384616, 0.010126628246611329, 0.019539652272766068, 0.022271276827016986], 6 => Any[1.0, 1.0, 1.0, 1.0, 1.0, 0.019373522483416176, 0.047748935966650176, 0.04778706027361795, 0.04114433551562434, 1.0, 1.0, 1.0], 7 => Any[1.0, 1.0, 1.0, 1.0, 1.0, 1.0, 1.0, 1.0, 1.0, 1.0, 1.0, 1.0], 2 => Any[1.0, 1.0, 1.0, 1.0, 1.0, 0.005408138760823612, 0.03611585667693355, 0.02962468120720796, 0.002514216278227574, 1.0, 1.0, 1.0], 3 => Any[1.0, 1.0, 1.0, 0.008224606569832068, 0.027061004139280448, 0.02588703386326455, 0.031466989079273026, 0.03130351079622773, 0.018898644944635654, 0.03752939651938499, 0.010357366621510766, 1.0])
006_sg.txt;0.5;GaugesEnergy;LatticeTransformation((4, 3, 2, 1), false);-558.9407405453198;-55.27524275203995;-6.691983572246173;0.0;128;8;16.0;0;16384;2;1;2;1.0e-16;1411.782421819;0.011;Dict{Any, Any}(5 => Any[1.0, 1.0, 1.0, 0.018002185576049528, 0.021540466130285613, 0.021137896175498855, 0.032684395713812237, 0.03926029871961946, 0.0460165732730622, 0.03526443343625446, 0.05344819235851286, 1.0], 4 => Any[1.0, 1.0, 0.021304722363191544, 0.019181913884013156, 0.010101803160358764, 0.004209167591838033, 0.008275783991494931, 0.04689973844614968, 0.06043785399868399, 0.06191738109366353, 0.02972799912274601, 0.023432342657023795], 6 => Any[1.0, 1.0, 1.0, 1.0, 1.0, 0.04467165506360153, 0.04775024118492438, 0.044082209195538236, 0.02018347642583024, 1.0, 1.0, 1.0], 7 => Any[1.0, 1.0, 1.0, 1.0, 1.0, 1.0, 1.0, 1.0, 1.0, 1.0, 1.0, 1.0], 2 => Any[1.0, 1.0, 1.0, 1.0, 1.0, 0.002569925153788531, 0.02900402792390459, 0.03557457283989715, 0.005559756689975398, 1.0, 1.0, 1.0], 3 => Any[1.0, 1.0, 1.0, 0.008953005446689742, 0.037235474329249285, 0.017940745763523128, 0.03111083974422622, 0.03405761629342361, 0.019703201206693725, 0.026165449738139973, 0.008141401161860443, 1.0])
007_sg.txt;0.5;GaugesEnergy;LatticeTransformation((4, 1, 2, 3), true);-552.5986948510719;-57.65851242979473;-6.455537252907543;0.0;128;8;16.0;0;16384;2;1;2;1.0e-16;1426.117927442;0.011;Dict{Any, Any}(5 => Any[1.0, 1.0, 1.0, 0.030094056364593898, 0.023027942566588664, 0.03357411363034766, 0.0364596981824054, 0.05437798653849899, 0.02970216115281317, 0.04717551240336685, 0.03358975018962581, 1.0], 4 => Any[1.0, 1.0, 0.020769761072398262, 0.018241339517095344, 0.04138240364272005, 0.040952912230527765, 0.04057804792176626, 0.039060466023970036, 0.04126194772353171, 0.023789218095689575, 0.012555136310210269, 0.02008115339274355], 6 => Any[1.0, 1.0, 1.0, 1.0, 1.0, 0.040380738863184155, 0.04740721364105185, 0.035077853110969774, 0.01821008115302969, 1.0, 1.0, 1.0], 7 => Any[1.0, 1.0, 1.0, 1.0, 1.0, 1.0, 1.0, 1.0, 1.0, 1.0, 1.0, 1.0], 2 => Any[1.0, 1.0, 1.0, 1.0, 1.0, 0.005562674392814928, 0.027022526069918798, 0.03189596931332554, 0.0045363765870183705, 1.0, 1.0, 1.0], 3 => Any[1.0, 1.0, 1.0, 0.0072503218467190175, 0.04998774921750943, 0.06738878046716007, 0.0554160901161626, 0.03911806615152909, 0.009230711900194746, 0.006487505674281236, 0.001969899868796936, 1.0])
007_sg.txt;0.5;GaugesEnergy;LatticeTransformation((3, 4, 1, 2), false);-552.4961414267304;-58.28604998381056;-6.56135532706712;0.0;128;8;16.0;0;16384;2;1;2;1.0e-16;1356.643712275;0.011;Dict{Any, Any}(5 => Any[1.0, 1.0, 1.0, 0.038614276003387106, 0.058323396886774806, 0.05885223187615876, 0.033786031798517455, 0.017927799331231477, 0.01392016188779576, 0.021824059335188915, 0.029323130030817206, 1.0], 4 => Any[1.0, 1.0, 0.015322327641765105, 0.02538773027952256, 0.07238118658701671, 0.050755336867219426, 0.05124664305080185, 0.039356320745412184, 0.06449238534002934, 0.048966035931938115, 0.052275780203191874, 0.047490117015656405], 6 => Any[1.0, 1.0, 1.0, 1.0, 1.0, 0.021760346441360698, 0.042774626927704444, 0.03191800783121371, 0.030751034850757194, 1.0, 1.0, 1.0], 7 => Any[1.0, 1.0, 1.0, 1.0, 1.0, 1.0, 1.0, 1.0, 1.0, 1.0, 1.0, 1.0], 2 => Any[1.0, 1.0, 1.0, 1.0, 1.0, 0.007148367787713866, 0.01202390780571593, 0.025896742933265257, 0.009934595488545393, 1.0, 1.0, 1.0], 3 => Any[1.0, 1.0, 1.0, 0.0035655624239958475, 0.032867845099894204, 0.023403389764894134, 0.030258889967394814, 0.06964717416282075, 0.045905906957133626, 0.03912395166951587, 0.004000005420446895, 1.0])
007_sg.txt;0.5;GaugesEnergy;LatticeTransformation((4, 3, 2, 1), false);-550.8261376266419;-58.07374313599514;-6.412399898141786;0.0;128;8;16.0;0;16384;2;1;2;1.0e-16;1470.93394592;0.011;Dict{Any, Any}(5 => Any[1.0, 1.0, 1.0, 0.02934398998288327, 0.02190410591737656, 0.018361647528645282, 0.018109719858668112, 0.035881098595064054, 0.05880396826682483, 0.058144595142680625, 0.05131362838948824, 1.0], 4 => Any[1.0, 1.0, 0.04669677031443335, 0.05138991114824664, 0.042179408630564935, 0.06340467181295463, 0.03956973896545127, 0.05184843637568913, 0.05092707880483234, 0.07084457899601096, 0.0307126280058879, 0.015668140758145453], 6 => Any[1.0, 1.0, 1.0, 1.0, 1.0, 0.030734618213788215, 0.03209660493854733, 0.028648649681068523, 0.021859255905733666, 1.0, 1.0, 1.0], 7 => Any[1.0, 1.0, 1.0, 1.0, 1.0, 1.0, 1.0, 1.0, 1.0, 1.0, 1.0, 1.0], 2 => Any[1.0, 1.0, 1.0, 1.0, 1.0, 0.009666400882252926, 0.025716018175394057, 0.013137696481154836, 0.0068127880503131896, 1.0, 1.0, 1.0], 3 => Any[1.0, 1.0, 1.0, 0.0027064995976150237, 0.03926752421120748, 0.045704539202474984, 0.06929788492232597, 0.030395735526054575, 0.024639426787153803, 0.033525909772708744, 0.006610794566200352, 1.0])
007_sg.txt;0.5;GaugesEnergy;LatticeTransformation((2, 3, 4, 1), true);-554.2293100265454;-57.43499591778165;-6.505377208664017;0.0;128;8;16.0;0;16384;2;1;2;1.0e-16;1383.997728065;0.011;Dict{Any, Any}(5 => Any[1.0, 1.0, 1.0, 0.022923564243553997, 0.014973069481570189, 0.05411698183815081, 0.03451049055216942, 0.04600495317595478, 0.04102582910471145, 0.05980669512313546, 0.05410053032873561, 1.0], 4 => Any[1.0, 1.0, 0.027661201646441473, 0.021522174246269527, 0.028880642210566836, 0.06589170644322274, 0.0640330090559052, 0.046178724159947976, 0.048251051726856634, 0.06305850990603738, 0.033433964244058874, 0.035893303012942364], 6 => Any[1.0, 1.0, 1.0, 1.0, 1.0, 0.025610781944404585, 0.042335892075252526, 0.05971829691910992, 0.03160808397055008, 1.0, 1.0, 1.0], 7 => Any[1.0, 1.0, 1.0, 1.0, 1.0, 1.0, 1.0, 1.0, 1.0, 1.0, 1.0, 1.0], 2 => Any[1.0, 1.0, 1.0, 1.0, 1.0, 0.005190421371767584, 0.019055623225076705, 0.0295864261659861, 0.009321779949498447, 1.0, 1.0, 1.0], 3 => Any[1.0, 1.0, 1.0, 0.006298202593802833, 0.03525455812797022, 0.03634981846437111, 0.027570859098748637, 0.03092844803471481, 0.016264143370775027, 0.027353232897407875, 0.004439678646519737, 1.0])
007_sg.txt;0.5;GaugesEnergy;LatticeTransformation((1, 2, 3, 4), false);-552.3487466342941;-57.45239692450909;-6.452826061788449;0.0;128;8;16.0;0;16384;2;1;2;1.0e-16;1382.628310916;0.011;Dict{Any, Any}(5 => Any[1.0, 1.0, 1.0, 0.027078026002553223, 0.046698920724757745, 0.03499175621991988, 0.03951312904384377, 0.03711440782477862, 0.028779696342559166, 0.019751236384676407, 0.04689263727586089, 1.0], 4 => Any[1.0, 1.0, 0.04642587458159567, 0.03792471189747643, 0.06483733930379494, 0.05620533410194458, 0.03875908136597827, 0.04941658122530352, 0.04750829480836098, 0.03595862332580938, 0.0453712299511999, 0.047187772836151116], 6 => Any[1.0, 1.0, 1.0, 1.0, 1.0, 0.03960735642401802, 0.027652633755051035, 0.021127836842402617, 0.028219090406676386, 1.0, 1.0, 1.0], 7 => Any[1.0, 1.0, 1.0, 1.0, 1.0, 1.0, 1.0, 1.0, 1.0, 1.0, 1.0, 1.0], 2 => Any[1.0, 1.0, 1.0, 1.0, 1.0, 0.004001552530891681, 0.018174642568540428, 0.021363279095562182, 0.006043027926774673, 1.0, 1.0, 1.0], 3 => Any[1.0, 1.0, 1.0, 0.006469998016027467, 0.02880896931841261, 0.033691645467841494, 0.07357950501951452, 0.050061439371658814, 0.0433556901499699, 0.02172765318674332, 0.002303091542559465, 1.0])
008_sg.txt;0.5;GaugesEnergy;LatticeTransformation((4, 1, 2, 3), true);-551.9806669023479;-58.13544295300351;-6.539996817098978;0.0;128;8;16.0;0;16384;2;1;2;1.0e-16;1455.351445356;0.012;Dict{Any, Any}(5 => Any[1.0, 1.0, 1.0, 0.02674089325699507, 0.02693074612706117, 0.039357108116401696, 0.045346061409077085, 0.06807930353342541, 0.03717127627969396, 0.032020934377501226, 0.036571360488601705, 1.0], 4 => Any[1.0, 1.0, 0.024773065830153127, 0.05282042441202297, 0.048806289272016114, 0.05447439582179422, 0.05927739006710308, 0.07002758599781668, 0.06724720288095148, 0.03554119066881272, 0.021282191290354364, 0.03845113503901591], 6 => Any[1.0, 1.0, 1.0, 1.0, 1.0, 0.02633372850544581, 0.04399797357727566, 0.03707051529611422, 0.055982796885120686, 1.0, 1.0, 1.0], 7 => Any[1.0, 1.0, 1.0, 1.0, 1.0, 1.0, 1.0, 1.0, 1.0, 1.0, 1.0, 1.0], 2 => Any[1.0, 1.0, 1.0, 1.0, 1.0, 0.007384946640794644, 0.01934903693565378, 0.029182126202850937, 0.004644681095399875, 1.0, 1.0, 1.0], 3 => Any[1.0, 1.0, 1.0, 0.006598250192017069, 0.05656966676393029, 0.05057931971609445, 0.057320425642513904, 0.05629978045553683, 0.025710378975755975, 0.024065157373146594, 0.006925570345346295, 1.0])
008_sg.txt;0.5;GaugesEnergy;LatticeTransformation((4, 3, 2, 1), false);-549.0615339400365;-59.224083145066096;-6.44399869614789;0.0;128;8;16.0;0;16384;2;1;2;1.0e-16;1375.337067958;0.012;Dict{Any, Any}(5 => Any[1.0, 1.0, 1.0, 0.029754528217067172, 0.03780522542741228, 0.04641251637935371, 0.07814463748398513, 0.022690229075187144, 0.023516295326269598, 0.027101639482206133, 0.06520538640960176, 1.0], 4 => Any[1.0, 1.0, 0.023516293332958217, 0.024959798178031106, 0.03879224824640074, 0.06514088807546871, 0.05965195844244756, 0.06220372407827557, 0.04221811575546225, 0.0649942860690094, 0.05442765814306009, 0.021159945175123884], 6 => Any[1.0, 1.0, 1.0, 1.0, 1.0, 0.03893475077824028, 0.04014745419993251, 0.02936754909578824, 0.0255548913375555, 1.0, 1.0, 1.0], 7 => Any[1.0, 1.0, 1.0, 1.0, 1.0, 1.0, 1.0, 1.0, 1.0, 1.0, 1.0, 1.0], 2 => Any[1.0, 1.0, 1.0, 1.0, 1.0, 0.004474200237173545, 0.01987899222328099, 0.034856514665974045, 0.004407117774644192, 1.0, 1.0, 1.0], 3 => Any[1.0, 1.0, 1.0, 0.00562488335960511, 0.06201587532402753, 0.030814969532600826, 0.03167415372075855, 0.0359581488824792, 0.07396943481602718, 0.04429977247979713, 0.007388492054897022, 1.0])
008_sg.txt;0.5;GaugesEnergy;LatticeTransformation((2, 3, 4, 1), true);-546.192466368516;-60.24867280897791;-6.639175770650557;0.0;128;8;16.0;0;16384;2;1;2;1.0e-16;1453.237376786;0.012;Dict{Any, Any}(5 => Any[1.0, 1.0, 1.0, 0.03561467169195838, 0.02731696087680784, 0.04552290588672207, 0.04615869710145833, 0.0773935921817757, 0.05889315445974176, 0.04958910229626611, 0.05298476831423284, 1.0], 4 => Any[1.0, 1.0, 0.030693115041679812, 0.0391354884668025, 0.0421864140252952, 0.03660968103283492, 0.04719370486986044, 0.04417411756380238, 0.05060171613342522, 0.05132450540699237, 0.05174293025994427, 0.04182330035220433], 6 => Any[1.0, 1.0, 1.0, 1.0, 1.0, 0.01991473556900519, 0.03743927436444892, 0.026107558305621458, 0.04648016741277618, 1.0, 1.0, 1.0], 7 => Any[1.0, 1.0, 1.0, 1.0, 1.0, 1.0, 1.0, 1.0, 1.0, 1.0, 1.0, 1.0], 2 => Any[1.0, 1.0, 1.0, 1.0, 1.0, 0.004089423045233505, 0.032303193326182346, 0.023536896890884285, 0.007380597509572579, 1.0, 1.0, 1.0], 3 => Any[1.0, 1.0, 1.0, 0.0033178035250707935, 0.031796136381843865, 0.02938616778308243, 0.04856474693380531, 0.0722957652860336, 0.04754547736011175, 0.036762494839743795, 0.005363484829455767, 1.0])
008_sg.txt;0.5;GaugesEnergy;LatticeTransformation((1, 2, 3, 4), false);-552.3551976339446;-57.9973213469665;-6.376745030958201;0.0;128;8;16.0;0;16384;2;1;2;1.0e-16;1454.845705529;0.012;Dict{Any, Any}(5 => Any[1.0, 1.0, 1.0, 0.02551238735752313, 0.039336506755562134, 0.04368874950446506, 0.06064446969517275, 0.05565636580685306, 0.0441331527890383, 0.034910131946064085, 0.025983972550526598, 1.0], 4 => Any[1.0, 1.0, 0.014187284752848797, 0.038764571427157224, 0.05596086646774852, 0.075859613424925, 0.060819713851814665, 0.061759953481098195, 0.09021396200683755, 0.06329600523632363, 0.03581397932909385, 0.018667078806887928], 6 => Any[1.0, 1.0, 1.0, 1.0, 1.0, 0.03230638775794943, 0.04887228579039596, 0.037899666056778684, 0.015878713693753765, 1.0, 1.0, 1.0], 7 => Any[1.0, 1.0, 1.0, 1.0, 1.0, 1.0, 1.0, 1.0, 1.0, 1.0, 1.0, 1.0], 2 => Any[1.0, 1.0, 1.0, 1.0, 1.0, 0.0077965219038536905, 0.04109490790092888, 0.016774372654644796, 0.003512570493655292, 1.0, 1.0, 1.0], 3 => Any[1.0, 1.0, 1.0, 0.0042870243481687555, 0.046603193943092966, 0.04208478795994444, 0.04562748690732866, 0.04031333402661099, 0.021022435925665956, 0.020795871787965714, 0.005795850989648912, 1.0])
008_sg.txt;0.5;GaugesEnergy;LatticeTransformation((3, 4, 1, 2), false);-547.0997821761888;-60.38750315124333;-6.409749458945896;0.0;128;8;16.0;0;16384;2;1;2;1.0e-16;1354.090887762;0.012;Dict{Any, Any}(5 => Any[1.0, 1.0, 1.0, 0.047801375284757516, 0.027058328562107624, 0.023456544854284344, 0.023611506589135856, 0.07728063287929361, 0.046309205386514535, 0.03785522496745431, 0.029787930878214977, 1.0], 4 => Any[1.0, 1.0, 0.023164953238290036, 0.034466047020046166, 0.06301975630786684, 0.053911029219863585, 0.0567248287303579, 0.058943501941229874, 0.06531991163643314, 0.04267986338720116, 0.02111103752888854, 0.023490932956368015], 6 => Any[1.0, 1.0, 1.0, 1.0, 1.0, 0.018447117678992556, 0.032380750018904926, 0.040213987335621926, 0.03886168853108415, 1.0, 1.0, 1.0], 7 => Any[1.0, 1.0, 1.0, 1.0, 1.0, 1.0, 1.0, 1.0, 1.0, 1.0, 1.0, 1.0], 2 => Any[1.0, 1.0, 1.0, 1.0, 1.0, 0.004438541985986545, 0.034498357121841516, 0.019963987529294187, 0.005068213313376418, 1.0, 1.0, 1.0], 3 => Any[1.0, 1.0, 1.0, 0.0060848011248226825, 0.024379427041655233, 0.07462502233654741, 0.033391266472770145, 0.031432407712832594, 0.0363597613747424, 0.06206286091725749, 0.0058119844586154955, 1.0])
009_sg.txt;0.5;GaugesEnergy;LatticeTransformation((3, 4, 1, 2), false);-582.3691649693797;-50.77248451558559;-6.544544712132;0.0;128;8;16.0;0;16384;2;1;2;1.0e-16;1450.506478967;0.012;Dict{Any, Any}(5 => Any[1.0, 1.0, 1.0, 0.03965012771181479, 0.04824328218069025, 0.04729826073181353, 0.03340174693012075, 0.04261219358218054, 0.024250245519309776, 0.010277756940004077, 0.05209443753114791, 1.0], 4 => Any[1.0, 1.0, 0.027240181442667946, 0.038171420853959956, 0.03339574597165698, 0.025578107879527336, 0.02733515752115875, 0.05606698189982833, 0.03645020100965154, 0.014669209785770469, 0.018100786197366166, 0.014425520450520642], 6 => Any[1.0, 1.0, 1.0, 1.0, 1.0, 0.015882417376660032, 0.011254292746016126, 0.031096193534561795, 0.04479750024163663, 1.0, 1.0, 1.0], 7 => Any[1.0, 1.0, 1.0, 1.0, 1.0, 1.0, 1.0, 1.0, 1.0, 1.0, 1.0, 1.0], 2 => Any[1.0, 1.0, 1.0, 1.0, 1.0, 0.006894435897034182, 0.025103760030318476, 0.021631394094065674, 0.010997017161064828, 1.0, 1.0, 1.0], 3 => Any[1.0, 1.0, 1.0, 0.0014298587372224784, 0.0202596058158103, 0.026379053420257422, 0.042059364003757815, 0.03400916420968188, 0.044702426245357155, 0.030245464467869153, 0.007240254504246202, 1.0])
009_sg.txt;0.5;GaugesEnergy;LatticeTransformation((1, 2, 3, 4), false);-585.8017709897567;-49.929516830291675;-6.606747602391404;0.0;128;8;16.0;0;16384;2;1;2;1.0e-16;1415.174038186;0.012;Dict{Any, Any}(5 => Any[1.0, 1.0, 1.0, 0.06348218839202825, 0.039758235070951234, 0.02715935553616671, 0.04455808485855024, 0.03653393315655042, 0.037259517957398874, 0.0486362831053153, 0.03790776548157764, 1.0], 4 => Any[1.0, 1.0, 0.03286139545121877, 0.04187515967774301, 0.05395466261872313, 0.06773495315747227, 0.05482954681408604, 0.05701345166076995, 0.030698867630372342, 0.03555330641208874, 0.016022841140799784, 0.043169330655778035], 6 => Any[1.0, 1.0, 1.0, 1.0, 1.0, 0.04030633746933539, 0.03482505102508307, 0.030589829720934318, 0.01792623230861511, 1.0, 1.0, 1.0], 7 => Any[1.0, 1.0, 1.0, 1.0, 1.0, 1.0, 1.0, 1.0, 1.0, 1.0, 1.0, 1.0], 2 => Any[1.0, 1.0, 1.0, 1.0, 1.0, 0.0061553997080044665, 0.03874151755664855, 0.01988948359861903, 0.005239663832688294, 1.0, 1.0, 1.0], 3 => Any[1.0, 1.0, 1.0, 0.00686053278062736, 0.030141151400583318, 0.027765461454745313, 0.046288930164987044, 0.0248504040616516, 0.008911011920304595, 0.0338379696085991, 0.00411235008656506, 1.0])
009_sg.txt;0.5;GaugesEnergy;LatticeTransformation((4, 3, 2, 1), false);-582.6586211339645;-51.3127812264207;-6.531450620925268;0.0;128;8;16.0;0;16384;2;1;2;1.0e-16;1413.097289382;0.012;Dict{Any, Any}(5 => Any[1.0, 1.0, 1.0, 0.05200520181076671, 0.00998544746874037, 0.024279478979137275, 0.04239091022229625, 0.03356674677888533, 0.047499575139414336, 0.04740975476181032, 0.042511785736244916, 1.0], 4 => Any[1.0, 1.0, 0.014255732017510082, 0.018184009683837314, 0.013773826881492156, 0.036355122309185875, 0.05559236527586211, 0.02727429487809678, 0.028595473463443363, 0.035095610401947364, 0.036232385342917506, 0.02707923299459888], 6 => Any[1.0, 1.0, 1.0, 1.0, 1.0, 0.04479615175250878, 0.031117249254395116, 0.011418793256104738, 0.015052300209774511, 1.0, 1.0, 1.0], 7 => Any[1.0, 1.0, 1.0, 1.0, 1.0, 1.0, 1.0, 1.0, 1.0, 1.0, 1.0, 1.0], 2 => Any[1.0, 1.0, 1.0, 1.0, 1.0, 0.011186714173070083, 0.021330947890039014, 0.025957905850873583, 0.00763905189340399, 1.0, 1.0, 1.0], 3 => Any[1.0, 1.0, 1.0, 0.007196309491666717, 0.030502561830662227, 0.04666978924692416, 0.03602199230403698, 0.04004652711556311, 0.024685210477944884, 0.0207010214525697, 0.0014565026616496736, 1.0])
009_sg.txt;0.5;GaugesEnergy;LatticeTransformation((2, 3, 4, 1), true);-585.7877866080978;-50.13693527696235;-6.48365410965642;0.0;128;8;16.0;0;16384;2;1;2;1.0e-16;1421.506598164;0.012;Dict{Any, Any}(5 => Any[1.0, 1.0, 1.0, 0.03672091399044633, 0.019959556532816152, 0.05146670349516796, 0.05417858733756711, 0.0598517904170997, 0.0411100552462165, 0.04161526321969468, 0.04557882607657871, 1.0], 4 => Any[1.0, 1.0, 0.017054284583180403, 0.025918703373421958, 0.04144413830655295, 0.0646661860129957, 0.03438467477694319, 0.04417768932379875, 0.03802736633381543, 0.06978986787160026, 0.04537521221437443, 0.042220772792996866], 6 => Any[1.0, 1.0, 1.0, 1.0, 1.0, 0.051367575901080646, 0.051973280502867744, 0.03289924697691435, 0.0448509076144223, 1.0, 1.0, 1.0], 7 => Any[1.0, 1.0, 1.0, 1.0, 1.0, 1.0, 1.0, 1.0, 1.0, 1.0, 1.0, 1.0], 2 => Any[1.0, 1.0, 1.0, 1.0, 1.0, 0.005262143258225535, 0.004811548643071432, 0.00605743289621778, 0.002838080521539285, 1.0, 1.0, 1.0], 3 => Any[1.0, 1.0, 1.0, 0.0025580369065235265, 0.034680875206522875, 0.02215144452454772, 0.02935433171950419, 0.044150621021071056, 0.04280266888055801, 0.0213310515766453, 0.0017489063871498826, 1.0])
009_sg.txt;0.5;GaugesEnergy;LatticeTransformation((4, 1, 2, 3), true);-585.0822970618235;-51.7347585108042;-6.451740114389144;0.0;128;8;16.0;0;16384;2;1;2;1.0e-16;1446.186171101;0.012;Dict{Any, Any}(5 => Any[1.0, 1.0, 1.0, 0.035973628948392886, 0.03412675723236661, 0.027753361035060525, 0.0316801981849287, 0.031226603601518188, 0.04643510827766309, 0.054784004579590484, 0.04395258062305339, 1.0], 4 => Any[1.0, 1.0, 0.01042464248871727, 0.018963543456897825, 0.020735389182708744, 0.056514955863443475, 0.036176539390252824, 0.014500389806622714, 0.011235616849509172, 0.025977470262851177, 0.01964564124356289, 0.020542311059352853], 6 => Any[1.0, 1.0, 1.0, 1.0, 1.0, 0.025036639385011036, 0.0434089149802769, 0.03202336138748295, 0.04018372691828842, 1.0, 1.0, 1.0], 7 => Any[1.0, 1.0, 1.0, 1.0, 1.0, 1.0, 1.0, 1.0, 1.0, 1.0, 1.0, 1.0], 2 => Any[1.0, 1.0, 1.0, 1.0, 1.0, 0.008931418699639187, 0.029081908929256092, 0.02775467823224205, 0.009650764553990226, 1.0, 1.0, 1.0], 3 => Any[1.0, 1.0, 1.0, 0.009178123403093874, 0.03369272573577215, 0.0609986840918923, 0.07402815779765916, 0.06661670757347563, 0.03841765475854428, 0.03083816476437881, 0.013688850826728704, 1.0])
010_sg.txt;0.5;GaugesEnergy;LatticeTransformation((4, 1, 2, 3), true);-552.3616460407636;-56.22031790687845;-6.363358796167358;0.0;128;8;16.0;0;16384;2;1;2;1.0e-16;1464.317622851;0.011;Dict{Any, Any}(5 => Any[1.0, 1.0, 1.0, 0.019567657042449577, 0.04486840179566637, 0.06039225147248813, 0.05432880322413808, 0.048237590296671184, 0.0458024518470856, 0.03204266153447304, 0.025670161848396853, 1.0], 4 => Any[1.0, 1.0, 0.03358009147723872, 0.01750484769386208, 0.033350839307301844, 0.04676677356887174, 0.05013023772964325, 0.03859954653383596, 0.042095077569618, 0.054302343634410874, 0.06168440789067858, 0.026759508472476986], 6 => Any[1.0, 1.0, 1.0, 1.0, 1.0, 0.023880387978993656, 0.06758336532034238, 0.04080910922379605, 0.015617203954281955, 1.0, 1.0, 1.0], 7 => Any[1.0, 1.0, 1.0, 1.0, 1.0, 1.0, 1.0, 1.0, 1.0, 1.0, 1.0, 1.0], 2 => Any[1.0, 1.0, 1.0, 1.0, 1.0, 0.007217522847921908, 0.028217622061085936, 0.02032906987940676, 0.008601163730524662, 1.0, 1.0, 1.0], 3 => Any[1.0, 1.0, 1.0, 0.0021802016499333937, 0.04577837694058193, 0.0467388781135525, 0.045022753678688264, 0.03774638299999901, 0.04096689638953016, 0.05168689260218134, 0.010252404832272547, 1.0])
010_sg.txt;0.5;GaugesEnergy;LatticeTransformation((3, 4, 1, 2), false);-552.5455742989851;-56.060409747606855;-6.403152337407796;0.0;128;8;16.0;0;16384;2;1;2;1.0e-16;1342.844279518;0.011;Dict{Any, Any}(5 => Any[1.0, 1.0, 1.0, 0.02929312658535624, 0.020433729628599538, 0.06339562938411566, 0.062066562507884435, 0.02886686234312661, 0.04547613547498323, 0.02679599718755789, 0.04131831437723997, 1.0], 4 => Any[1.0, 1.0, 0.020707874168393137, 0.04688165388962059, 0.07017389540822083, 0.047096878674979935, 0.046691747909163535, 0.04274725437548935, 0.03747711206990196, 0.03306292699317764, 0.015006241222899123, 0.009176952059621605], 6 => Any[1.0, 1.0, 1.0, 1.0, 1.0, 0.01258818660970892, 0.038127346122877936, 0.03646868138342367, 0.05196957545431718, 1.0, 1.0, 1.0], 7 => Any[1.0, 1.0, 1.0, 1.0, 1.0, 1.0, 1.0, 1.0, 1.0, 1.0, 1.0, 1.0], 2 => Any[1.0, 1.0, 1.0, 1.0, 1.0, 0.0024535769103438193, 0.013698191169882485, 0.019088362942654067, 0.0023762470946138334, 1.0, 1.0, 1.0], 3 => Any[1.0, 1.0, 1.0, 0.002247285990133003, 0.023288719070289333, 0.020246949943969434, 0.021261076195867683, 0.03210264954032897, 0.03896306952162784, 0.022061560566646456, 0.005931804347174516, 1.0])
010_sg.txt;0.5;GaugesEnergy;LatticeTransformation((4, 3, 2, 1), false);-552.4744571368112;-56.03655031671339;-6.6101130087616475;0.0;128;8;16.0;0;16384;2;1;2;1.0e-16;1434.255041752;0.011;Dict{Any, Any}(5 => Any[1.0, 1.0, 1.0, 0.03203842942648859, 0.027077727173443276, 0.04664254332954238, 0.02958647471269342, 0.061114523466904644, 0.05785885848269363, 0.022606613442124533, 0.025246523277901608, 1.0], 4 => Any[1.0, 1.0, 0.009246776635714188, 0.017547627904649886, 0.03346975613863753, 0.03837602971267973, 0.04315579629956962, 0.04811931796152819, 0.047928368204612715, 0.0690339598667574, 0.049460057641808594, 0.02689472357204807], 6 => Any[1.0, 1.0, 1.0, 1.0, 1.0, 0.05168138683628351, 0.03650433918481647, 0.038095698677385215, 0.01259759986388571, 1.0, 1.0, 1.0], 7 => Any[1.0, 1.0, 1.0, 1.0, 1.0, 1.0, 1.0, 1.0, 1.0, 1.0, 1.0, 1.0], 2 => Any[1.0, 1.0, 1.0, 1.0, 1.0, 0.0017589382631890867, 0.022487078861878212, 0.011925493554435163, 0.002458602892323024, 1.0, 1.0, 1.0], 3 => Any[1.0, 1.0, 1.0, 0.00508261667439439, 0.021663252169114366, 0.038355918021197026, 0.03182209797883702, 0.021304652425606096, 0.020025036383204135, 0.02381756041939138, 0.0022150786245809075, 1.0])
010_sg.txt;0.5;GaugesEnergy;LatticeTransformation((2, 3, 4, 1), true);-551.1789371310729;-56.84232526764976;-6.543959641449163;0.0;128;8;16.0;0;16384;2;1;2;1.0e-16;1433.242569682;0.011;Dict{Any, Any}(5 => Any[1.0, 1.0, 1.0, 0.03942144388790124, 0.029102220507675403, 0.04077238319262427, 0.04598295394875494, 0.04871662438957119, 0.03198009569626733, 0.038761198050726905, 0.019549948474749796, 1.0], 4 => Any[1.0, 1.0, 0.04659573662867127, 0.04204241300025945, 0.054339454341740256, 0.0705310668678351, 0.03868528674903679, 0.030641822248201406, 0.02017357034580792, 0.05256507711789537, 0.026254028501218857, 0.0190776811857369], 6 => Any[1.0, 1.0, 1.0, 1.0, 1.0, 0.053582377454773095, 0.01760464572246556, 0.018608354311702355, 0.03663988310688867, 1.0, 1.0, 1.0], 7 => Any[1.0, 1.0, 1.0, 1.0, 1.0, 1.0, 1.0, 1.0, 1.0, 1.0, 1.0, 1.0], 2 => Any[1.0, 1.0, 1.0, 1.0, 1.0, 0.00369344444156111, 0.023380886131283755, 0.02499628876233764, 0.005580625092852269, 1.0, 1.0, 1.0], 3 => Any[1.0, 1.0, 1.0, 0.0018778852493977613, 0.027771406135180834, 0.046421424139466066, 0.06726041511940996, 0.03194511374203538, 0.024111063120660005, 0.050616130329606206, 0.0020526860764257947, 1.0])
010_sg.txt;0.5;GaugesEnergy;LatticeTransformation((1, 2, 3, 4), false);-550.1727687751351;-57.78217830547366;-6.367020686570344;0.0;128;8;16.0;0;16384;2;1;2;1.0e-16;1370.962859599;0.011;Dict{Any, Any}(5 => Any[1.0, 1.0, 1.0, 0.03845061385567955, 0.04899752865846638, 0.057005179738619675, 0.045825038304996686, 0.03444999729098928, 0.039514538041557704, 0.035338015897039055, 0.025754900570221034, 1.0], 4 => Any[1.0, 1.0, 0.02041126183175191, 0.018132909552509117, 0.037041724281536736, 0.03668129996088333, 0.042984107843941015, 0.047944710859904836, 0.06057710000254474, 0.059762551441156546, 0.03473114228329006, 0.026809686739898277], 6 => Any[1.0, 1.0, 1.0, 1.0, 1.0, 0.02155916163865832, 0.015443518729589, 0.023678085376234975, 0.00752722023781843, 1.0, 1.0, 1.0], 7 => Any[1.0, 1.0, 1.0, 1.0, 1.0, 1.0, 1.0, 1.0, 1.0, 1.0, 1.0, 1.0], 2 => Any[1.0, 1.0, 1.0, 1.0, 1.0, 0.006320740877150129, 0.03844357250075918, 0.034793543639294086, 0.004374300224802527, 1.0, 1.0, 1.0], 3 => Any[1.0, 1.0, 1.0, 0.00583845728901318, 0.011500907206172126, 0.02383923384819492, 0.046886550761657424, 0.05697379541789972, 0.03891684381343646, 0.036454108199570165, 0.0017184869491091213, 1.0])